channel,distance_metric,distance_rank,exp_num
7,0.17784622,1,9000
4,0.0939763,2,9000
5,0.09337759,3,9000
6,0.09072252,4,9000
3,0.07106186,5,9000
0,0.06027529,6,9000
2,0.046585467,7,9000
1,0.032372653,8,9000
8,0.025255766,9,9000
