accuracy,auroc,auprc,f1,precision,recall,ece,mce,exp_num,seed
0.8823529411764706,0.9849888019291902,0.9328733379906256,0.8755345273194366,0.900823480347973,0.8779896037798798,0.5414643883705139,0.6062688827514648,9000,2020
