similarity_0,exp_num,seed,channel
0.9556019,9000,2020,0
0.98698556,9000,2020,1
0.9732371,9000,2020,2
0.9388286,9000,2020,3
0.895481,9000,2020,4
0.89673746,9000,2020,5
0.90223324,9000,2020,6
0.6734335,9000,2020,7
0.9920585,9000,2020,8
